<?xml version="1.0" encoding="UTF-8" standalone="yes"?>
	<addon 
        id="repository.Elie" 
        name="Elie's Repository" 
        version="7.0.2"
        provider-name="Elie">
		<extension point="xbmc.addon.repository" name="Elie's addon repository">
			<info compressed="false">https://raw.github.com/luftreich/Elie.xbmc/master/addons.xml</info>
			<checksum>https://raw.github.com/luftreich/Elie.xbmc/master/addons.xml.md5</checksum>
			<datadir zip="true">https://raw.github.com/luftreich/Elie.xbmc/master/plugin_zips</datadir>
		</extension>
		<extension point="xbmc.addon.metadata">
			<summary lang="en">Elie's Addon Repository</summary>
            <description lang="en">[COLOR red]If automatic update failed !!! Please download and install the newest repository ZIP file from https://github.com/luftreich/Elie.xbmc/[CR]tree/master/plugin_zips/repository.Elie/[/COLOR]</description>
            <disclaimer lang="en">For bugs, requests or general questions contact Elie on the Elie forum.</disclaimer>
            <platform>all</platform>
			<license>GNU GENERAL PUBLIC LICENSE. Version 3, June 2007</license>
            <language>en</language>
            <forum>http://www.imaxpo.com/forums/</forum>
            <website>http://www.imaxpo.com/</website>
            <email></email>
            <source>https://raw.github.com/luftreich/Elie.xbmc/master/repository.Elie</source>
		</extension>
	</addon>
